{"queryDate": "2017-01-10 08:31:59.860635", "versions": ["49.0", "49.0.1"], "queryUrl": "https://crash-stats.mozilla.com/api/SuperSearch/?product=Firefox&version=49.0&version=49.0.1&_facets=signature", "buckets": {"0": "IPCError-content | (msgtype=0x820017,name=???) Route error: message sent to unknown actor ID", "1": "OOM | small", "2": "chtbrkg.dll@0x1c3e1", "3": "BaseThreadInitThunk", "4": "EMPTY: no crashing thread identified; ERROR_NO_MINIDUMP_HEADER", "5": "mozilla::dom::indexedDB::`anonymous namespace''::Maintenance::DirectoryWork", "6": "chtbrkg.dll@0x1beb1", "7": "npswf32_24_0_0_186.dll@0x3da24d", "8": "IPCError-content | (msgtype=0xE,name=???) Route error: message sent to unknown actor ID", "9": "AsyncShutdownTimeout | quit-application-granted | SessionStore: flushing all windows", "10": "shutdownhang | mozilla::CondVar::Wait | nsEventQueue::GetEvent | nsThread::ProcessNextEvent | NS_ProcessNextEvent | nsThread::Shutdown | nsUrlClassifierDBService::Shutdown", "11": "xul.dll@0x16171be | nss3.dll@0x13d410 | nss3.dll@0x132996 | BaseThreadInitThunk", "12": "js::ConstraintTypeSet::sweep", "13": "shutdownhang | mozilla::CondVar::Wait | nsEventQueue::GetEvent | nsThread::ProcessNextEvent | NS_ProcessNextEvent | mozilla::net::nsHttpConnectionMgr::Shutdown", "14": "shutdownhang | PR_JoinThread | SmartCardMonitoringThread::~SmartCardMonitoringThread", "15": "AsyncShutdownTimeout | profile-before-change | MediaShutdownManager: shutdown", "16": "hang | MsgWaitForMultipleObjects | npswf32_24_0_0_186.dll@0x3f546e", "17": "js::GCMarker::eagerlyMarkChildren", "18": "js::jit::AssemblerX86Shared::bind", "19": "F1398665248_____________________________", "20": "shutdownhang | mozilla::CondVar::Wait | nsEventQueue::GetEvent | nsThread::ProcessNextEvent | NS_InvokeByIndex", "21": "shutdownhang | mozilla::CondVar::Wait | nsEventQueue::GetEvent | nsThread::ProcessNextEvent | NS_ProcessNextEvent | mozilla::dom::workers::RuntimeService::Cleanup", "22": "AsyncShutdownTimeout | profile-before-change | MediaStreamGraph shutdown: blocking on msg thread", "23": "jit | CORRUPT_CODE", "24": "libxul.so@0x1b550ca | libxul.so@0x1b68bc4 | libxul.so@0x1b6a1ec", "25": "AsyncShutdownTimeout | Places Clients shutdown | (none)", "26": "libobjc.A.dylib@0x6b5d", "27": "nsXPCWrappedJS::nsXPCWrappedJS", "28": "ReleaseData", "29": "`anonymous namespace''::Sk4px::MapDstAlpha<T>", "30": "js::GCMarker::lazilyMarkChildren", "31": "nvwgf2um.dll | NDXGI::CDevice::DestroyDriverInstance", "32": "js::jit::MakeMRegExpHoistable", "33": "hang | BaseGetNamedObjectDirectory | MsgWaitForMultipleObjects | npswf32_24_0_0_186.dll@0x3f546e", "34": "js::DispatchTyped<T>", "35": "js::FinishCompilation", "36": "js::jit::ICStub::trace", "37": "NDXGI::CDevice::SignalSynchronizationObjectCB", "38": "js::GCMarker::traverseEdge<T>", "39": "libxul.so@0x1b550ca | libxul.so@0x1b68bc4 | libxul.so@0x1b6a22f | libxul.so@0x1b688ea | libxul.so@0x1b6a22f | libxul.so@0x1b688ea | libxul.so@0x1b69d20 | libxul.so@0x1b6ce43 | libxul.so@0x1bbe751 | libxul.so@0x3e028e7 | libxul.so@0x1bb6c06 | libxul.so@...", "40": "nsLineLayout::ReflowFrame", "41": "shutdownhang | NtCreateFile", "42": "js::jit::CodeGeneratorShared::encodeAllocation", "43": "mozglue.dll@0x2a18", "44": "npswf32_24_0_0_186.dll@0x788a99", "45": "shutdownhang | js::UncheckedUnwrap", "46": "`anonymous namespace''::TypeAnalyzer::insertConversions", "47": "jit | MEMORY_INFO_NOT_PRESENT", "48": "js::ObjectGroup::sweep", "49": "js::TraceManuallyBarrieredGenericPointerEdge"}, "queryRange": "date -7 days"}